,buyprice,buytime,date,pnl,quantity,sellprice,selltime,sl,type
0,224.9,12:51:00,2020-11-13,-295.0000000000017,100.0,221.95,09:30:00,224.9,sell
1,224.9,12:52:00,2020-11-13,444.99999999999886,100.0,229.35,15:15:00,221.95,buy
2,235.0,09:30:00,2020-11-17,515.0000000000006,100.0,240.15,15:15:00,231.25,buy
3,245.4,09:42:00,2020-11-18,650.0,100.0,251.9,15:15:00,238.1,buy
4,250.3,09:34:00,2020-11-19,-360.0000000000023,100.0,246.7,10:55:00,246.7,buy
5,250.3,12:21:00,2020-11-19,-360.0000000000023,100.0,246.7,13:28:00,246.7,buy
6,239.95,15:15:00,2020-11-19,675.0,100.0,246.7,13:29:00,250.3,sell
7,243.8,14:16:00,2020-11-20,-525.0,100.0,238.55,09:31:00,243.8,sell
8,243.8,14:17:00,2020-11-20,-30.000000000001137,100.0,243.5,15:15:00,238.55,buy
9,239.0,15:15:00,2020-11-23,375.0,100.0,242.75,09:30:00,246.15,sell
10,241.8,09:30:00,2020-11-24,-220.0000000000017,100.0,239.6,09:50:00,239.6,buy
11,241.8,10:15:00,2020-11-24,194.99999999999886,100.0,243.75,15:15:00,239.6,buy
12,248.9,09:30:00,2020-11-25,-340.00000000000057,100.0,245.5,10:29:00,245.5,buy
13,248.9,13:39:00,2020-11-25,-340.00000000000057,100.0,245.5,10:30:00,248.9,sell
14,248.9,13:40:00,2020-11-25,-340.00000000000057,100.0,245.5,13:53:00,245.5,buy
15,244.5,14:07:00,2020-11-26,-394.99999999999886,100.0,240.55,12:15:00,244.5,sell
16,244.5,14:12:00,2020-11-26,84.99999999999943,100.0,245.35,15:15:00,240.55,buy
17,244.25,15:15:00,2020-11-27,-59.99999999999943,100.0,243.65,09:42:00,246.0,sell
18,246.15,10:26:00,2020-12-01,-184.99999999999943,100.0,244.3,09:35:00,246.15,sell
19,246.15,10:27:00,2020-12-01,175.0,100.0,247.9,15:15:00,244.3,buy
20,249.85,09:38:00,2020-12-02,-325.0,100.0,246.6,12:57:00,246.6,buy
21,247.0,15:15:00,2020-12-02,-40.00000000000057,100.0,246.6,12:58:00,249.85,sell
22,250.0,09:50:00,2020-12-03,639.9999999999977,100.0,256.4,15:15:00,248.0,buy
23,258.4,10:12:00,2020-12-04,-334.9999999999966,100.0,255.05,12:49:00,255.05,buy
24,258.4,13:30:00,2020-12-04,-334.9999999999966,100.0,255.05,12:50:00,258.4,sell
25,258.4,13:31:00,2020-12-04,550.0,100.0,263.9,15:15:00,255.05,buy
26,265.7,09:47:00,2020-12-07,419.99999999999886,100.0,269.9,15:15:00,263.0,buy
27,270.9,09:43:00,2020-12-08,-354.99999999999545,100.0,267.35,09:30:00,270.9,sell
28,270.9,09:44:00,2020-12-08,-354.99999999999545,100.0,267.35,10:56:00,267.35,buy
29,270.9,12:59:00,2020-12-08,-354.99999999999545,100.0,267.35,10:57:00,270.9,sell
30,273.8,09:34:00,2020-12-09,-330.00000000000114,100.0,270.5,12:16:00,270.5,buy
31,270.65,15:15:00,2020-12-09,-14.999999999997726,100.0,270.5,12:17:00,273.8,sell
32,269.95,14:49:00,2020-12-10,-309.9999999999966,100.0,266.85,10:05:00,269.95,sell
33,269.95,14:50:00,2020-12-10,-30.000000000001137,100.0,269.65,15:15:00,266.85,buy
34,275.2,09:37:00,2020-12-14,-134.9999999999966,100.0,273.85,12:19:00,273.85,buy
35,275.2,14:33:00,2020-12-14,-134.9999999999966,100.0,273.85,12:36:00,275.2,sell
36,275.2,14:34:00,2020-12-14,-134.9999999999966,100.0,273.85,15:14:00,273.85,buy
37,270.55,15:15:00,2020-12-15,50.0,100.0,271.05,09:33:00,272.8,sell
38,269.45,15:15:00,2020-12-16,255.00000000000114,100.0,272.0,09:33:00,273.6,sell
39,270.05,11:38:00,2020-12-17,-225.0,100.0,267.8,10:33:00,270.05,sell
40,270.05,11:40:00,2020-12-17,-225.0,100.0,267.8,15:13:00,267.8,buy
41,268.25,14:10:00,2020-12-18,-125.0,100.0,267.0,09:32:00,268.25,sell
42,268.25,14:11:00,2020-12-18,325.0,100.0,271.5,15:15:00,267.0,buy
43,255.35,15:15:00,2020-12-21,1104.9999999999982,100.0,266.4,09:30:00,268.75,sell
44,258.4,14:18:00,2020-12-22,-539.9999999999977,100.0,253.0,09:33:00,258.4,sell
45,258.4,14:19:00,2020-12-22,-79.99999999999545,100.0,257.6,15:15:00,253.0,buy
46,258.7,09:52:00,2020-12-23,430.00000000000114,100.0,263.0,15:15:00,255.65,buy
47,266.55,09:30:00,2020-12-24,30.000000000001137,100.0,266.85,15:15:00,264.7,buy
48,271.2,09:30:00,2020-12-28,415.0000000000034,100.0,275.35,15:15:00,268.55,buy
49,278.55,09:33:00,2020-12-29,-190.0000000000034,100.0,276.65,10:45:00,276.65,buy
50,278.55,13:21:00,2020-12-29,-190.0000000000034,100.0,276.65,10:46:00,278.55,sell
51,278.55,13:22:00,2020-12-29,-190.0000000000034,100.0,276.65,14:40:00,276.65,buy
52,275.8,09:31:00,2020-12-31,-90.00000000000341,100.0,274.9,15:15:00,272.75,buy
53,277.2,09:33:00,2021-01-01,219.99999999999886,100.0,279.4,15:15:00,274.5,buy
54,283.15,09:32:00,2021-01-04,-175.0,100.0,281.4,10:57:00,281.4,buy
55,281.0,15:15:00,2021-01-04,39.999999999997726,100.0,281.4,10:58:00,283.15,sell
56,279.6,11:24:00,2021-01-05,-210.00000000000227,100.0,277.5,10:05:00,279.6,sell
57,279.6,11:25:00,2021-01-05,209.9999999999966,100.0,281.7,15:15:00,277.5,buy
58,285.85,09:32:00,2021-01-06,-375.0,100.0,282.1,13:51:00,282.1,buy
59,285.85,14:55:00,2021-01-06,-375.0,100.0,282.1,14:11:00,285.85,sell
60,291.5,09:30:00,2021-01-07,-375.0,100.0,287.75,15:01:00,287.75,buy
61,290.65,10:13:00,2021-01-08,-194.99999999999886,100.0,288.7,11:48:00,288.7,buy
62,286.3,15:15:00,2021-01-08,239.99999999999773,100.0,288.7,11:55:00,290.65,sell
63,282.1,15:15:00,2021-01-11,219.99999999999886,100.0,284.3,09:42:00,287.4,sell
64,282.85,09:30:00,2021-01-12,994.9999999999989,100.0,292.8,15:15:00,278.0,buy
65,299.1,09:30:00,2021-01-13,-350.0,100.0,295.6,14:03:00,295.6,buy
66,299.1,14:12:00,2021-01-13,-350.0,100.0,295.6,14:04:00,299.1,sell
67,299.1,14:14:00,2021-01-13,784.9999999999966,100.0,306.95,15:15:00,295.6,buy
68,308.55,10:17:00,2021-01-14,-390.0000000000034,100.0,304.65,09:30:00,308.55,sell
69,308.55,10:18:00,2021-01-14,-165.0000000000034,100.0,306.9,15:15:00,304.65,buy
70,303.8,15:15:00,2021-01-15,264.9999999999977,100.0,306.45,09:45:00,310.85,sell
71,294.5,15:15:00,2021-01-18,585.0000000000023,100.0,300.35,10:27:00,308.65,sell
72,300.6,10:19:00,2021-01-19,-320.00000000000455,100.0,297.4,13:30:00,297.4,buy
73,298.6,15:15:00,2021-01-19,-120.00000000000455,100.0,297.4,13:31:00,300.6,sell
74,301.3,09:31:00,2021-01-20,-269.99999999999886,100.0,298.6,12:06:00,298.6,buy
75,301.3,14:03:00,2021-01-20,-269.99999999999886,100.0,298.6,12:07:00,301.3,sell
76,301.3,14:04:00,2021-01-20,105.00000000000114,100.0,302.35,15:15:00,298.6,buy
77,294.85,15:15:00,2021-01-21,875.0,100.0,303.6,09:31:00,305.15,sell
78,283.55,15:15:00,2021-01-22,850.0,100.0,292.05,11:17:00,298.0,sell
79,281.7,15:15:00,2021-01-25,269.99999999999886,100.0,284.4,09:38:00,288.0,sell
80,281.75,10:07:00,2021-01-27,-325.0,100.0,278.5,13:30:00,278.5,buy
81,275.25,15:15:00,2021-01-27,325.0,100.0,278.5,13:31:00,281.75,sell
82,274.0,09:52:00,2021-01-28,-369.99999999999886,100.0,270.3,09:31:00,274.0,sell
83,274.0,09:53:00,2021-01-28,889.9999999999977,100.0,282.9,15:15:00,270.3,buy
84,285.55,14:15:00,2021-01-29,-280.00000000000114,100.0,282.75,09:41:00,285.55,sell
85,285.55,14:16:00,2021-01-29,-280.00000000000114,100.0,282.75,15:02:00,282.75,buy
86,287.2,11:00:00,2021-02-01,-339.9999999999977,100.0,283.8,09:31:00,287.2,sell
87,287.2,11:01:00,2021-02-01,2130.000000000001,100.0,308.5,15:15:00,283.8,buy
88,323.4,09:30:00,2021-02-02,895.0000000000045,100.0,332.35,15:15:00,315.5,buy
89,334.75,10:46:00,2021-02-03,130.00000000000114,100.0,336.05,15:15:00,325.9,buy
90,338.2,11:18:00,2021-02-04,-594.9999999999989,100.0,332.25,13:40:00,332.25,buy
91,338.2,13:42:00,2021-02-04,-594.9999999999989,100.0,332.25,13:57:00,332.25,buy
92,338.2,14:02:00,2021-02-04,1590.0000000000034,100.0,354.1,15:15:00,332.25,buy
93,390.6,09:30:00,2021-02-05,-390.0000000000034,100.0,386.7,13:35:00,386.7,buy
94,390.6,13:49:00,2021-02-05,-390.0000000000034,100.0,386.7,13:44:00,390.6,sell
95,390.6,13:50:00,2021-02-05,89.99999999999773,100.0,391.5,15:15:00,386.7,buy
96,397.55,15:15:00,2021-02-08,-19.999999999998863,100.0,397.35,09:42:00,407.7,sell
97,396.1,10:28:00,2021-02-09,-660.0000000000023,100.0,389.5,09:47:00,396.1,sell
98,396.1,10:29:00,2021-02-09,-45.00000000000455,100.0,395.65,15:15:00,389.5,buy
99,391.8,15:15:00,2021-02-10,75.0,100.0,392.55,09:30:00,397.5,sell
100,390.25,15:15:00,2021-02-11,35.000000000002274,100.0,390.6,10:28:00,396.95,sell
101,392.3,11:00:00,2021-02-12,-544.9999999999989,100.0,386.85,09:36:00,392.3,sell
102,392.3,12:31:00,2021-02-12,100.0,100.0,393.3,15:15:00,386.85,buy
103,401.0,09:31:00,2021-02-15,560.0000000000023,100.0,406.6,15:15:00,395.7,buy
104,402.2,15:15:00,2021-02-16,810.0000000000023,100.0,410.3,09:52:00,415.7,sell
105,406.4,09:44:00,2021-02-17,470.00000000000455,100.0,411.1,15:15:00,400.25,buy
106,415.75,15:15:00,2021-02-18,305.00000000000114,100.0,418.8,09:30:00,425.0,sell
107,401.15,15:15:00,2021-02-19,760.0000000000023,100.0,408.75,09:30:00,414.3,sell
108,389.8,15:15:00,2021-02-22,355.00000000000114,100.0,393.35,11:19:00,400.9,sell
109,394.9,09:30:00,2021-02-23,-339.9999999999977,100.0,391.5,09:42:00,391.5,buy
110,394.9,10:15:00,2021-02-23,-339.9999999999977,100.0,391.5,09:43:00,394.9,sell
111,394.9,10:16:00,2021-02-23,110.00000000000227,100.0,396.0,15:15:00,391.5,buy
112,399.95,09:30:00,2021-02-24,265.0000000000034,100.0,402.6,15:15:00,395.55,buy
113,413.5,09:33:00,2021-02-25,-314.9999999999977,100.0,410.35,11:37:00,410.35,buy
114,407.15,15:15:00,2021-02-25,320.00000000000455,100.0,410.35,11:38:00,413.5,sell
115,400.2,09:50:00,2021-02-26,-580.0000000000011,100.0,394.4,11:01:00,394.4,buy
116,390.9,15:15:00,2021-02-26,350.0,100.0,394.4,11:04:00,400.2,sell
117,395.65,09:43:00,2021-03-01,-344.99999999999886,100.0,392.2,09:31:00,395.65,sell
118,395.65,09:45:00,2021-03-01,-344.99999999999886,100.0,392.2,12:24:00,392.2,buy
119,395.65,13:30:00,2021-03-01,-344.99999999999886,100.0,392.2,12:25:00,395.65,sell
120,399.25,09:30:00,2021-03-02,-425.0,100.0,395.0,10:35:00,395.0,buy
121,394.75,15:15:00,2021-03-02,25.0,100.0,395.0,10:36:00,399.25,sell
122,401.05,10:15:00,2021-03-03,425.0,100.0,405.3,15:15:00,396.0,buy
123,402.95,12:41:00,2021-03-04,-519.9999999999989,100.0,397.75,14:42:00,397.75,buy
124,395.9,15:15:00,2021-03-04,185.00000000000227,100.0,397.75,14:45:00,402.95,sell
125,384.0,15:15:00,2021-03-05,305.00000000000114,100.0,387.05,09:34:00,394.85,sell
126,390.4,09:51:00,2021-03-08,-354.99999999999545,100.0,386.85,10:45:00,386.85,buy
127,390.4,12:20:00,2021-03-08,-354.99999999999545,100.0,386.85,10:46:00,390.4,sell
128,390.4,12:21:00,2021-03-08,-50.0,100.0,389.9,15:15:00,386.85,buy
129,388.15,15:15:00,2021-03-09,335.0000000000023,100.0,391.5,09:46:00,394.8,sell
130,387.5,15:15:00,2021-03-10,300.0,100.0,390.5,09:30:00,393.0,sell
131,392.6,09:30:00,2021-03-12,-210.00000000000227,100.0,390.5,10:15:00,390.5,buy
132,381.3,15:15:00,2021-03-12,919.9999999999989,100.0,390.5,10:16:00,392.6,sell
133,382.45,15:02:00,2021-03-15,-984.9999999999966,100.0,372.6,09:33:00,382.45,sell
134,378.15,15:15:00,2021-03-16,170.00000000000455,100.0,379.85,09:48:00,387.4,sell
135,367.45,15:15:00,2021-03-17,755.0000000000011,100.0,375.0,10:25:00,379.65,sell
136,374.65,09:52:00,2021-03-18,-350.0,100.0,371.15,11:42:00,371.15,buy
137,368.0,15:15:00,2021-03-18,314.9999999999977,100.0,371.15,11:46:00,374.65,sell
138,365.5,10:25:00,2021-03-19,-700.0,100.0,358.5,09:30:00,365.5,sell
139,365.5,10:26:00,2021-03-19,575.0,100.0,371.25,15:15:00,358.5,buy
140,372.2,09:53:00,2021-03-22,-519.9999999999989,100.0,367.0,12:20:00,367.0,buy
141,367.4,15:15:00,2021-03-22,-39.999999999997726,100.0,367.0,12:24:00,372.2,sell
142,371.0,10:51:00,2021-03-23,-285.0000000000023,100.0,368.15,10:13:00,371.0,sell
143,371.0,10:52:00,2021-03-23,180.00000000000114,100.0,372.8,15:15:00,368.15,buy
144,359.15,15:15:00,2021-03-24,635.0000000000023,100.0,365.5,09:30:00,369.0,sell
145,354.45,15:15:00,2021-03-25,-125.0,100.0,353.2,10:42:00,360.1,sell
146,361.6,09:35:00,2021-03-26,-445.00000000000455,100.0,357.15,09:44:00,357.15,buy
147,356.2,15:15:00,2021-03-26,94.99999999999886,100.0,357.15,09:45:00,361.6,sell
148,362.0,10:20:00,2021-03-30,-255.00000000000114,100.0,359.45,12:05:00,359.45,buy
149,362.0,14:16:00,2021-03-30,-255.00000000000114,100.0,359.45,12:06:00,362.0,sell
150,362.0,14:17:00,2021-03-30,-150.0,100.0,360.5,15:15:00,359.45,buy
151,362.0,09:38:00,2021-03-31,235.00000000000227,100.0,364.35,15:15:00,358.15,buy
152,367.9,13:17:00,2021-04-01,-269.99999999999886,100.0,365.2,09:41:00,367.9,sell
153,367.9,13:18:00,2021-04-01,255.00000000000114,100.0,370.45,15:15:00,365.2,buy
154,353.4,15:15:00,2021-04-05,855.0000000000011,100.0,361.95,09:31:00,368.75,sell
155,356.15,11:15:00,2021-04-06,-579.9999999999955,100.0,350.35,15:15:00,349.35,buy
156,354.5,09:31:00,2021-04-07,419.99999999999886,100.0,358.7,15:15:00,347.9,buy
157,362.75,09:30:00,2021-04-08,-255.00000000000114,100.0,360.2,09:51:00,360.2,buy
158,354.8,15:15:00,2021-04-08,539.9999999999977,100.0,360.2,09:53:00,362.75,sell
159,354.35,09:31:00,2021-04-09,-135.00000000000227,100.0,353.0,15:15:00,351.25,buy
160,328.55,15:15:00,2021-04-12,325.0,100.0,331.8,09:30:00,343.5,sell
161,334.95,09:57:00,2021-04-13,555.0000000000011,100.0,340.5,15:15:00,330.65,buy
162,342.55,15:15:00,2021-04-15,-50.0,100.0,342.05,09:35:00,347.55,sell
163,344.8,09:54:00,2021-04-16,-430.00000000000114,100.0,340.5,13:08:00,340.5,buy
164,339.6,15:15:00,2021-04-16,89.99999999999773,100.0,340.5,13:09:00,344.8,sell
165,327.5,13:54:00,2021-04-19,-530.0000000000011,100.0,322.2,09:36:00,327.5,sell
166,327.5,13:55:00,2021-04-19,369.99999999999886,100.0,331.2,15:15:00,322.2,buy
167,339.4,09:30:00,2021-04-20,-509.9999999999966,100.0,334.3,12:15:00,334.3,buy
168,330.0,15:15:00,2021-04-20,430.00000000000114,100.0,334.3,12:16:00,339.4,sell
169,332.2,11:28:00,2021-04-22,460.0000000000023,100.0,336.8,15:15:00,323.85,buy
170,335.9,09:59:00,2021-04-23,75.0,100.0,336.65,15:15:00,331.75,buy
171,346.3,09:31:00,2021-04-26,-230.00000000000114,100.0,344.0,15:15:00,340.25,buy
172,346.35,09:34:00,2021-04-27,654.9999999999955,100.0,352.9,15:15:00,342.85,buy
173,360.15,09:30:00,2021-04-28,335.0000000000023,100.0,363.5,15:15:00,356.4,buy
174,360.0,15:15:00,2021-04-29,560.0000000000023,100.0,365.6,09:47:00,369.95,sell
175,354.75,09:32:00,2021-04-30,-114.99999999999773,100.0,353.6,15:15:00,350.45,buy
176,348.5,10:36:00,2021-05-03,205.00000000000114,100.0,350.55,15:15:00,341.45,buy
177,357.15,09:57:00,2021-05-04,-319.99999999999886,100.0,353.95,09:46:00,357.15,sell
178,357.15,09:58:00,2021-05-04,-319.99999999999886,100.0,353.95,14:44:00,353.95,buy
179,352.6,15:15:00,2021-05-04,134.9999999999966,100.0,353.95,14:45:00,357.15,sell
180,356.3,10:31:00,2021-05-05,-350.0,100.0,352.8,09:44:00,356.3,sell
181,356.3,10:32:00,2021-05-05,-350.0,100.0,352.8,12:38:00,352.8,buy
182,356.3,13:07:00,2021-05-05,-350.0,100.0,352.8,12:39:00,356.3,sell
183,355.95,15:15:00,2021-05-06,-69.99999999999886,100.0,355.25,09:44:00,359.2,sell
184,358.5,15:15:00,2021-05-07,-110.00000000000227,100.0,357.4,10:16:00,362.0,sell
185,361.8,10:07:00,2021-05-10,-244.99999999999886,100.0,359.35,09:31:00,361.8,sell
186,361.8,10:08:00,2021-05-10,-5.000000000001137,100.0,361.75,15:15:00,359.35,buy
187,359.65,10:09:00,2021-05-11,520.0000000000045,100.0,364.85,15:15:00,355.0,buy
188,366.5,09:30:00,2021-05-12,164.99999999999773,100.0,368.15,15:15:00,362.0,buy
189,360.35,15:15:00,2021-05-14,784.9999999999966,100.0,368.2,09:31:00,372.5,sell
190,369.8,09:45:00,2021-05-17,1214.9999999999977,100.0,381.95,15:15:00,364.1,buy
191,381.95,15:15:00,2021-05-18,365.0000000000034,100.0,385.6,09:34:00,392.5,sell
192,387.35,09:33:00,2021-05-19,-285.0000000000023,100.0,384.5,15:15:00,381.3,buy
193,384.65,15:15:00,2021-05-20,-14.999999999997726,100.0,384.5,09:30:00,387.8,sell
194,393.05,14:01:00,2021-05-21,-465.0000000000034,100.0,388.4,12:42:00,393.05,sell
195,393.05,14:02:00,2021-05-21,-465.0000000000034,100.0,388.4,14:03:00,388.4,buy
196,393.05,14:13:00,2021-05-21,-465.0000000000034,100.0,388.4,14:04:00,393.05,sell
197,412.9,15:15:00,2021-05-24,-275.0,100.0,410.15,09:30:00,418.4,sell
198,411.5,15:15:00,2021-05-25,80.00000000000114,100.0,412.3,09:30:00,415.2,sell
199,414.45,09:59:00,2021-05-26,-305.00000000000114,100.0,411.4,09:31:00,414.45,sell
200,414.45,10:00:00,2021-05-26,5.000000000001137,100.0,414.5,15:15:00,411.4,buy
201,415.5,10:21:00,2021-05-27,1100.0,100.0,426.5,15:15:00,412.05,buy
202,422.6,15:15:00,2021-05-28,439.9999999999977,100.0,427.0,10:17:00,433.35,sell
203,424.15,10:25:00,2021-05-31,-504.99999999999545,100.0,419.1,09:31:00,424.15,sell
204,424.15,10:26:00,2021-05-31,45.00000000000455,100.0,424.6,15:15:00,419.1,buy
205,430.4,09:32:00,2021-06-01,215.0000000000034,100.0,432.55,15:15:00,425.6,buy
206,434.35,09:37:00,2021-06-02,304.99999999999545,100.0,437.4,15:15:00,429.55,buy
207,437.35,13:29:00,2021-06-03,-170.00000000000455,100.0,435.65,09:35:00,437.35,sell
208,437.35,13:30:00,2021-06-03,234.9999999999966,100.0,439.7,15:15:00,435.65,buy
209,439.75,09:30:00,2021-06-04,-339.9999999999977,100.0,436.35,10:37:00,436.35,buy
210,433.85,15:15:00,2021-06-04,250.0,100.0,436.35,10:38:00,439.75,sell
211,432.2,15:15:00,2021-06-07,244.99999999999886,100.0,434.65,09:37:00,437.35,sell
212,426.95,15:15:00,2021-06-08,160.00000000000227,100.0,428.55,09:31:00,432.35,sell
213,431.25,09:30:00,2021-06-09,-475.0,100.0,426.5,13:11:00,426.5,buy
214,421.7,15:15:00,2021-06-09,480.00000000000114,100.0,426.5,13:12:00,431.25,sell
215,425.65,09:39:00,2021-06-10,655.0000000000011,100.0,432.2,15:15:00,422.6,buy
216,429.85,15:15:00,2021-06-11,219.99999999999886,100.0,432.05,09:40:00,435.5,sell
217,426.7,13:24:00,2021-06-14,-500.0,100.0,421.7,09:30:00,426.7,sell
218,426.7,13:39:00,2021-06-14,400.0,100.0,430.7,15:15:00,421.7,buy
219,432.5,09:31:00,2021-06-16,-650.0,100.0,426.0,13:08:00,426.0,buy
220,424.85,09:33:00,2021-06-17,-420.00000000000455,100.0,420.65,14:11:00,420.65,buy
221,420.9,15:15:00,2021-06-17,-25.0,100.0,420.65,14:12:00,424.85,sell
222,412.85,15:15:00,2021-06-18,554.9999999999955,100.0,418.4,09:40:00,423.45,sell
223,406.45,09:31:00,2021-06-21,1365.0000000000034,100.0,420.1,15:15:00,400.7,buy
224,424.6,10:27:00,2021-06-22,-245.00000000000455,100.0,422.15,11:15:00,422.15,buy
225,418.9,15:15:00,2021-06-22,325.0,100.0,422.15,11:16:00,424.6,sell
226,422.15,11:30:00,2021-06-23,-309.9999999999966,100.0,419.05,09:53:00,422.15,sell
227,422.15,11:31:00,2021-06-23,-309.9999999999966,100.0,419.05,14:39:00,419.05,buy
228,418.6,15:15:00,2021-06-23,44.99999999999886,100.0,419.05,14:40:00,422.15,sell
229,421.5,09:31:00,2021-06-24,-325.0,100.0,418.25,12:09:00,418.25,buy
230,417.55,15:15:00,2021-06-24,69.99999999999886,100.0,418.25,12:10:00,421.5,sell
231,421.35,09:34:00,2021-06-25,754.9999999999955,100.0,428.9,15:15:00,419.15,buy
232,427.0,15:15:00,2021-06-28,300.0,100.0,430.0,09:35:00,433.05,sell
233,421.3,15:15:00,2021-06-29,444.99999999999886,100.0,425.75,09:50:00,428.9,sell
234,424.7,10:00:00,2021-06-30,-314.9999999999977,100.0,421.55,13:43:00,421.55,buy
235,419.1,15:15:00,2021-06-30,244.99999999999886,100.0,421.55,13:44:00,424.7,sell
236,420.75,09:54:00,2021-07-01,-44.99999999999886,100.0,420.3,15:15:00,417.25,buy
237,422.35,10:24:00,2021-07-02,189.99999999999773,100.0,424.25,15:15:00,419.0,buy
238,426.85,10:16:00,2021-07-05,-160.00000000000227,100.0,425.25,10:46:00,425.25,buy
239,426.85,14:37:00,2021-07-05,-160.00000000000227,100.0,425.25,10:47:00,426.85,sell
240,426.85,14:38:00,2021-07-05,594.9999999999989,100.0,432.8,15:15:00,425.25,buy
241,433.5,09:43:00,2021-07-06,-219.99999999999886,100.0,431.3,15:04:00,431.3,buy
242,431.5,09:31:00,2021-07-07,110.00000000000227,100.0,432.6,15:15:00,427.6,buy
243,434.8,10:01:00,2021-07-08,-200.0,100.0,432.8,09:31:00,434.8,sell
244,434.8,10:02:00,2021-07-08,-200.0,100.0,432.8,10:26:00,432.8,buy
245,424.6,15:15:00,2021-07-08,819.9999999999989,100.0,432.8,10:27:00,434.8,sell
246,425.4,10:20:00,2021-07-09,-389.9999999999977,100.0,421.5,13:47:00,421.5,buy
247,425.4,14:42:00,2021-07-09,-389.9999999999977,100.0,421.5,14:31:00,425.4,sell
248,425.4,14:45:00,2021-07-09,-154.99999999999545,100.0,423.85,15:15:00,421.5,buy
249,428.5,09:37:00,2021-07-12,-235.00000000000227,100.0,426.15,13:15:00,426.15,buy
250,427.4,15:15:00,2021-07-12,-125.0,100.0,426.15,13:16:00,428.5,sell
251,429.1,15:15:00,2021-07-13,54.99999999999545,100.0,429.65,09:33:00,431.75,sell
252,430.0,12:48:00,2021-07-14,-275.0,100.0,427.25,09:32:00,430.0,sell
253,430.0,12:49:00,2021-07-14,105.00000000000114,100.0,431.05,15:15:00,427.25,buy
254,432.45,10:41:00,2021-07-15,-230.00000000000114,100.0,430.15,10:04:00,432.45,sell
255,432.45,10:43:00,2021-07-15,-84.99999999999659,100.0,431.6,15:15:00,430.15,buy
256,430.4,15:15:00,2021-07-16,35.000000000002274,100.0,430.75,09:57:00,432.45,sell
257,427.95,10:23:00,2021-07-19,69.99999999999886,100.0,428.65,15:15:00,422.0,buy
258,420.7,15:15:00,2021-07-20,365.0000000000034,100.0,424.35,09:36:00,426.9,sell
259,426.1,10:35:00,2021-07-22,-255.00000000000114,100.0,423.55,14:16:00,423.55,buy
260,421.8,15:15:00,2021-07-22,175.0,100.0,423.55,14:17:00,426.1,sell
261,424.3,10:15:00,2021-07-23,-130.00000000000114,100.0,423.0,09:30:00,424.3,sell
262,424.3,10:18:00,2021-07-23,-130.00000000000114,100.0,423.0,10:39:00,423.0,buy
263,424.3,13:33:00,2021-07-23,-130.00000000000114,100.0,423.0,10:40:00,424.3,sell
264,423.75,15:15:00,2021-07-26,39.999999999997726,100.0,424.15,10:21:00,427.4,sell
265,426.2,09:30:00,2021-07-27,400.0,100.0,430.2,15:15:00,424.25,buy
266,425.8,15:15:00,2021-07-28,184.9999999999966,100.0,427.65,09:39:00,430.45,sell
267,429.4,11:02:00,2021-07-29,-334.9999999999966,100.0,426.05,10:26:00,429.4,sell
268,429.4,11:03:00,2021-07-29,1155.0000000000011,100.0,440.95,15:15:00,426.05,buy
269,431.35,15:15:00,2021-07-30,654.9999999999955,100.0,437.9,09:31:00,444.35,sell
270,435.75,11:11:00,2021-08-02,-285.0000000000023,100.0,432.9,09:41:00,435.75,sell
271,435.75,11:12:00,2021-08-02,-69.99999999999886,100.0,435.05,15:15:00,432.9,buy
272,436.75,09:34:00,2021-08-03,960.0000000000023,100.0,446.35,15:15:00,433.6,buy
273,448.0,10:51:00,2021-08-04,1035.0000000000023,100.0,458.35,15:15:00,441.7,buy
274,441.75,15:15:00,2021-08-05,1025.0,100.0,452.0,09:30:00,461.65,sell
275,435.65,15:15:00,2021-08-06,550.0,100.0,441.15,10:32:00,446.95,sell
276,440.0,09:54:00,2021-08-09,-430.00000000000114,100.0,435.7,12:50:00,435.7,buy
277,433.1,15:15:00,2021-08-09,259.9999999999966,100.0,435.7,12:51:00,440.0,sell
278,426.8,15:15:00,2021-08-10,719.9999999999989,100.0,434.0,09:35:00,436.3,sell
279,431.9,09:30:00,2021-08-11,-344.99999999999886,100.0,428.45,09:38:00,428.45,buy
280,428.1,15:15:00,2021-08-11,34.99999999999659,100.0,428.45,09:39:00,431.9,sell
281,426.95,15:15:00,2021-08-12,-14.999999999997726,100.0,426.8,09:35:00,430.45,sell
282,430.35,14:40:00,2021-08-13,-200.0,100.0,428.35,09:33:00,430.35,sell
283,430.35,14:41:00,2021-08-13,64.99999999999773,100.0,431.0,15:15:00,428.35,buy
284,425.0,15:15:00,2021-08-16,355.00000000000114,100.0,428.55,10:42:00,433.9,sell
285,425.2,09:33:00,2021-08-17,-250.0,100.0,422.7,09:57:00,422.7,buy
286,422.0,15:15:00,2021-08-17,69.99999999999886,100.0,422.7,09:58:00,425.2,sell
287,423.2,09:30:00,2021-08-18,-309.9999999999966,100.0,420.1,12:51:00,420.1,buy
288,423.2,13:59:00,2021-08-18,-309.9999999999966,100.0,420.1,12:58:00,423.2,sell
289,423.2,14:00:00,2021-08-18,-309.9999999999966,100.0,420.1,14:34:00,420.1,buy
290,414.4,09:30:00,2021-08-20,-514.9999999999977,100.0,409.25,11:06:00,409.25,buy
291,407.1,15:15:00,2021-08-20,214.99999999999773,100.0,409.25,11:07:00,414.4,sell
292,412.4,13:24:00,2021-08-23,-284.9999999999966,100.0,409.55,09:30:00,412.4,sell
293,412.4,13:25:00,2021-08-23,-284.9999999999966,100.0,409.55,14:34:00,409.55,buy
294,409.6,15:15:00,2021-08-23,-5.000000000001137,100.0,409.55,14:35:00,412.4,sell
295,410.95,09:32:00,2021-08-24,660.0000000000023,100.0,417.55,15:15:00,408.25,buy
296,416.05,15:15:00,2021-08-25,305.00000000000114,100.0,419.1,09:43:00,421.2,sell
297,414.85,09:30:00,2021-08-26,-230.00000000000114,100.0,412.55,12:08:00,412.55,buy
298,410.7,15:15:00,2021-08-26,185.00000000000227,100.0,412.55,12:12:00,414.85,sell
299,410.6,10:15:00,2021-08-27,-280.00000000000114,100.0,407.8,09:30:00,410.6,sell
300,410.6,10:16:00,2021-08-27,189.99999999999773,100.0,412.5,15:15:00,407.8,buy
301,415.9,09:55:00,2021-08-30,-209.9999999999966,100.0,413.8,09:35:00,415.9,sell
302,415.9,10:04:00,2021-08-30,690.0000000000034,100.0,422.8,15:15:00,413.8,buy
303,423.5,11:37:00,2021-08-31,-450.0,100.0,419.0,09:47:00,423.5,sell
304,423.5,11:38:00,2021-08-31,319.99999999999886,100.0,426.7,15:15:00,419.0,buy
305,428.5,09:30:00,2021-09-01,89.99999999999773,100.0,429.4,15:15:00,425.25,buy
306,431.25,09:31:00,2021-09-02,-250.0,100.0,428.75,09:42:00,428.75,buy
307,431.25,11:14:00,2021-09-02,-250.0,100.0,428.75,09:44:00,431.25,sell
308,431.25,11:15:00,2021-09-02,-175.0,100.0,429.5,15:15:00,428.75,buy
309,434.0,09:30:00,2021-09-03,-260.0000000000023,100.0,431.4,10:29:00,431.4,buy
310,431.8,15:15:00,2021-09-03,-40.00000000000341,100.0,431.4,10:30:00,434.0,sell
311,430.9,15:15:00,2021-09-06,70.00000000000455,100.0,431.6,09:54:00,433.75,sell
312,428.85,15:15:00,2021-09-07,-75.0,100.0,428.1,09:51:00,431.5,sell
313,430.7,09:35:00,2021-09-08,75.0,100.0,431.45,15:15:00,427.8,buy
314,432.2,15:15:00,2021-09-09,-194.99999999999886,100.0,430.25,12:42:00,433.75,sell
315,432.45,12:48:00,2021-09-13,-244.99999999999886,100.0,430.0,09:58:00,432.45,sell
316,432.45,12:49:00,2021-09-13,69.99999999999886,100.0,433.15,15:15:00,430.0,buy
317,435.3,09:30:00,2021-09-14,-119.99999999999886,100.0,434.1,12:44:00,434.1,buy
318,432.8,15:15:00,2021-09-14,130.00000000000114,100.0,434.1,12:45:00,435.3,sell
319,433.1,09:30:00,2021-09-15,1019.9999999999989,100.0,443.3,15:15:00,431.55,buy
320,448.0,10:19:00,2021-09-16,-350.0,100.0,444.5,09:56:00,448.0,sell
321,448.0,10:20:00,2021-09-16,1564.9999999999977,100.0,463.65,15:15:00,444.5,buy
322,454.6,15:15:00,2021-09-17,994.9999999999989,100.0,464.55,09:35:00,471.75,sell
323,449.8,09:30:00,2021-09-20,-265.0000000000034,100.0,447.15,12:00:00,447.15,buy
324,437.7,15:15:00,2021-09-20,944.9999999999989,100.0,447.15,12:01:00,449.8,sell
325,437.75,15:15:00,2021-09-21,-139.99999999999773,100.0,436.35,10:14:00,441.25,sell
326,441.9,09:33:00,2021-09-22,-289.9999999999977,100.0,439.0,10:31:00,439.0,buy
327,438.0,15:15:00,2021-09-22,100.0,100.0,439.0,10:32:00,441.9,sell
328,445.35,09:35:00,2021-09-23,469.99999999999886,100.0,450.05,15:15:00,442.3,buy
329,441.1,15:15:00,2021-09-24,569.9999999999989,100.0,446.8,09:30:00,451.8,sell
330,447.85,09:30:00,2021-09-27,-105.00000000000114,100.0,446.8,15:15:00,443.3,buy
331,445.6,15:15:00,2021-09-28,384.9999999999966,100.0,449.45,11:59:00,455.65,sell
332,442.5,09:34:00,2021-09-29,1810.0000000000023,100.0,460.6,15:15:00,439.2,buy
333,461.3,10:12:00,2021-09-30,-385.0000000000023,100.0,457.45,12:10:00,457.45,buy
334,453.5,15:15:00,2021-09-30,394.99999999999886,100.0,457.45,12:15:00,461.3,sell
335,452.1,10:22:00,2021-10-01,-45.00000000000455,100.0,451.65,15:15:00,444.05,buy
336,458.3,12:13:00,2021-10-04,489.9999999999977,100.0,463.2,15:15:00,451.65,buy
337,462.95,09:38:00,2021-10-05,235.00000000000227,100.0,465.3,15:15:00,458.75,buy
338,457.5,15:15:00,2021-10-06,675.0,100.0,464.25,10:20:00,471.0,sell
339,463.35,09:39:00,2021-10-07,-235.00000000000227,100.0,461.0,09:47:00,461.0,buy
340,457.3,15:15:00,2021-10-07,369.99999999999886,100.0,461.0,09:48:00,463.35,sell
341,461.9,10:09:00,2021-10-08,-384.9999999999966,100.0,458.05,09:30:00,461.9,sell
342,461.9,10:39:00,2021-10-08,-384.9999999999966,100.0,458.05,10:20:00,461.9,sell
343,461.9,10:40:00,2021-10-08,-384.9999999999966,100.0,458.05,11:06:00,458.05,buy
344,462.0,09:32:00,2021-10-11,700.0,100.0,469.0,15:15:00,458.65,buy
345,475.0,09:56:00,2021-10-12,750.0,100.0,482.5,15:15:00,468.2,buy
346,481.8,15:15:00,2021-10-13,-115.00000000000341,100.0,480.65,11:46:00,485.9,sell
347,485.0,09:30:00,2021-10-14,660.0000000000023,100.0,491.6,15:15:00,482.15,buy
348,497.05,10:26:00,2021-10-18,-455.00000000000114,100.0,492.5,10:02:00,497.05,sell
349,497.05,10:27:00,2021-10-18,69.99999999999886,100.0,497.75,15:15:00,492.5,buy
350,487.3,15:15:00,2021-10-19,1105.0000000000011,100.0,498.35,10:03:00,504.0,sell
351,490.45,09:32:00,2021-10-20,869.9999999999989,100.0,499.15,15:15:00,483.25,buy
352,501.65,15:15:00,2021-10-21,-325.0,100.0,498.4,09:33:00,506.45,sell
353,507.2,10:52:00,2021-10-22,-280.00000000000114,100.0,504.4,09:32:00,507.2,sell
354,507.2,11:09:00,2021-10-22,-280.00000000000114,100.0,504.4,11:31:00,504.4,buy
355,503.0,15:15:00,2021-10-22,139.99999999999773,100.0,504.4,11:32:00,507.2,sell
356,508.0,10:48:00,2021-10-25,-500.0,100.0,503.0,09:31:00,508.0,sell
357,508.0,10:49:00,2021-10-25,-214.99999999999773,100.0,505.85,15:15:00,503.0,buy
358,513.5,09:30:00,2021-10-26,-135.00000000000227,100.0,512.15,15:15:00,507.75,buy
359,516.8,09:36:00,2021-10-27,240.0000000000091,100.0,519.2,15:15:00,512.75,buy
360,501.75,15:15:00,2021-10-28,844.9999999999989,100.0,510.2,09:30:00,520.45,sell
361,498.15,09:41:00,2021-10-29,410.0000000000023,100.0,502.25,15:15:00,488.75,buy
362,508.5,10:53:00,2021-11-01,725.0,100.0,515.75,15:15:00,501.45,buy
363,521.95,11:58:00,2021-11-02,-745.0000000000045,100.0,514.5,09:55:00,521.95,sell
364,521.95,11:59:00,2021-11-02,29.999999999995453,100.0,522.25,15:15:00,514.5,buy
365,526.4,09:33:00,2021-11-03,-419.9999999999932,100.0,522.2,11:35:00,522.2,buy
366,526.4,13:45:00,2021-11-03,-419.9999999999932,100.0,522.2,11:44:00,526.4,sell
367,526.4,13:46:00,2021-11-03,-79.99999999999545,100.0,525.6,15:15:00,522.2,buy
368,523.5,15:15:00,2021-11-08,264.9999999999977,100.0,526.15,09:30:00,534.4,sell
369,525.8,09:38:00,2021-11-09,300.0,100.0,528.8,15:15:00,522.65,buy
370,526.35,09:30:00,2021-11-10,-455.0000000000068,100.0,521.8,09:45:00,521.8,buy
371,526.35,11:38:00,2021-11-10,-230.00000000000682,100.0,524.05,15:15:00,521.8,buy
372,509.05,15:15:00,2021-11-11,1069.9999999999989,100.0,519.75,09:30:00,522.75,sell
373,512.6,14:43:00,2021-11-12,-310.0000000000023,100.0,509.5,09:42:00,512.6,sell
374,512.6,14:44:00,2021-11-12,-175.0,100.0,510.85,15:15:00,509.5,buy
375,506.5,15:15:00,2021-11-15,604.9999999999955,100.0,512.55,09:37:00,515.9,sell
376,495.5,15:15:00,2021-11-16,850.0,100.0,504.0,09:38:00,506.55,sell
377,497.55,09:30:00,2021-11-17,64.99999999999773,100.0,498.2,15:15:00,491.0,buy
378,504.45,13:25:00,2021-11-18,-564.9999999999977,100.0,498.8,10:10:00,504.45,sell
379,504.45,14:57:00,2021-11-18,-119.99999999999886,100.0,503.25,15:15:00,498.8,buy
380,486.35,15:15:00,2021-11-22,1094.9999999999989,100.0,497.3,10:27:00,505.85,sell
381,487.4,09:30:00,2021-11-23,535.0000000000023,100.0,492.75,15:15:00,480.0,buy
382,497.05,09:44:00,2021-11-24,-325.0,100.0,493.8,14:45:00,493.8,buy
383,494.1,15:15:00,2021-11-24,-30.000000000001137,100.0,493.8,14:46:00,497.05,sell
384,493.9,10:36:00,2021-11-25,-325.0,100.0,490.65,15:15:00,486.4,buy
385,470.8,15:15:00,2021-11-26,889.9999999999977,100.0,479.7,09:57:00,486.6,sell
386,474.75,10:07:00,2021-11-30,-705.0000000000011,100.0,467.7,11:24:00,467.7,buy
387,460.9,15:15:00,2021-11-30,680.0000000000011,100.0,467.7,11:25:00,474.75,sell
388,469.2,10:36:00,2021-12-01,630.0000000000011,100.0,475.5,15:15:00,464.0,buy
389,475.35,10:29:00,2021-12-02,89.99999999999773,100.0,476.25,15:15:00,471.0,buy
390,480.9,09:35:00,2021-12-03,-550.0,100.0,475.4,12:37:00,475.4,buy
391,473.25,15:15:00,2021-12-03,214.99999999999773,100.0,475.4,12:38:00,480.9,sell
392,474.5,09:45:00,2021-12-06,-339.9999999999977,100.0,471.1,09:33:00,474.5,sell
393,474.5,09:46:00,2021-12-06,-339.9999999999977,100.0,471.1,12:20:00,471.1,buy
394,464.3,15:15:00,2021-12-06,680.0000000000011,100.0,471.1,12:21:00,474.5,sell
395,471.75,09:43:00,2021-12-07,444.99999999999886,100.0,476.2,15:15:00,469.3,buy
396,482.85,09:43:00,2021-12-08,-195.00000000000455,100.0,480.9,09:35:00,482.85,sell
397,482.85,09:44:00,2021-12-08,864.9999999999977,100.0,491.5,15:15:00,480.9,buy
398,488.4,15:15:00,2021-12-09,-100.0,100.0,487.4,09:30:00,493.35,sell
399,490.35,14:34:00,2021-12-10,489.9999999999977,100.0,495.25,15:15:00,484.4,buy
400,498.9,09:42:00,2021-12-13,-254.99999999999545,100.0,496.35,12:21:00,496.35,buy
401,487.4,15:15:00,2021-12-13,895.0000000000045,100.0,496.35,12:22:00,498.9,sell
402,485.9,09:30:00,2021-12-14,-269.99999999999886,100.0,483.2,10:20:00,483.2,buy
403,485.9,11:30:00,2021-12-14,-269.99999999999886,100.0,483.2,10:21:00,485.9,sell
404,485.9,11:31:00,2021-12-14,250.0,100.0,488.4,15:15:00,483.2,buy
405,484.85,15:15:00,2021-12-15,200.0,100.0,486.85,10:31:00,491.0,sell
406,481.2,15:15:00,2021-12-16,650.0,100.0,487.7,09:30:00,490.5,sell
407,467.6,15:15:00,2021-12-17,894.9999999999989,100.0,476.55,09:30:00,480.45,sell
408,448.5,15:15:00,2021-12-20,300.0,100.0,451.5,09:46:00,463.1,sell
409,445.95,15:15:00,2021-12-21,700.0,100.0,452.95,13:07:00,458.1,sell
410,454.0,09:35:00,2021-12-22,125.0,100.0,455.25,15:15:00,449.3,buy
411,460.7,09:50:00,2021-12-23,-214.99999999999773,100.0,458.55,09:39:00,460.7,sell
412,460.7,12:12:00,2021-12-23,-214.99999999999773,100.0,458.55,10:10:00,460.7,sell
413,460.7,12:13:00,2021-12-23,230.00000000000114,100.0,463.0,15:15:00,458.55,buy
414,457.0,15:15:00,2021-12-24,194.99999999999886,100.0,458.95,09:31:00,463.4,sell
415,455.9,09:30:00,2021-12-27,190.0000000000034,100.0,457.8,15:15:00,450.65,buy
416,461.95,12:14:00,2021-12-28,-159.9999999999966,100.0,460.35,09:30:00,461.95,sell
417,461.95,12:15:00,2021-12-28,-159.9999999999966,100.0,460.35,14:41:00,460.35,buy
418,461.15,15:15:00,2021-12-28,-79.99999999999545,100.0,460.35,14:42:00,461.95,sell
419,455.0,15:15:00,2021-12-29,419.99999999999886,100.0,459.2,10:16:00,462.15,sell
420,452.5,15:15:00,2021-12-30,-214.99999999999773,100.0,450.35,11:38:00,454.8,sell
421,455.95,09:30:00,2021-12-31,430.00000000000114,100.0,460.25,15:15:00,453.5,buy
422,463.0,09:47:00,2022-01-03,730.0000000000011,100.0,470.3,15:15:00,460.1,buy
423,475.8,09:32:00,2022-01-04,700.0,100.0,482.8,15:15:00,471.05,buy
424,485.55,09:45:00,2022-01-05,734.9999999999966,100.0,492.9,15:15:00,479.25,buy
425,489.5,10:20:00,2022-01-06,-344.99999999999886,100.0,486.05,09:34:00,489.5,sell
426,489.5,10:21:00,2022-01-06,139.99999999999773,100.0,490.9,15:15:00,486.05,buy
427,498.55,09:30:00,2022-01-07,-640.0000000000034,100.0,492.15,12:17:00,492.15,buy
428,491.05,15:15:00,2022-01-07,109.99999999999659,100.0,492.15,12:39:00,498.55,sell
429,497.0,09:38:00,2022-01-10,675.0,100.0,503.75,15:15:00,493.1,buy
430,504.9,11:27:00,2022-01-11,-364.9999999999977,100.0,501.25,09:42:00,504.9,sell
431,504.9,11:28:00,2022-01-11,75.0,100.0,505.65,15:15:00,501.25,buy
432,511.25,09:44:00,2022-01-12,-130.00000000000114,100.0,509.95,15:15:00,508.55,buy
433,511.35,09:44:00,2022-01-13,9.99999999999659,100.0,511.45,15:15:00,507.25,buy
434,509.4,09:37:00,2022-01-14,-89.99999999999773,100.0,508.5,15:15:00,505.55,buy
435,515.4,09:32:00,2022-01-17,-160.00000000000227,100.0,513.8,15:15:00,508.05,buy
436,515.65,13:09:00,2022-01-18,-164.99999999999773,100.0,514.0,09:36:00,515.65,sell
437,515.65,13:10:00,2022-01-18,-164.99999999999773,100.0,514.0,14:32:00,514.0,buy
438,506.9,15:15:00,2022-01-18,710.0000000000023,100.0,514.0,14:37:00,515.65,sell
439,508.7,09:59:00,2022-01-19,-669.9999999999989,100.0,502.0,12:31:00,502.0,buy
440,508.7,14:34:00,2022-01-19,-669.9999999999989,100.0,502.0,12:32:00,508.7,sell
441,508.7,14:35:00,2022-01-19,680.0000000000011,100.0,515.5,15:15:00,502.0,buy
442,518.3,11:47:00,2022-01-20,-429.99999999999545,100.0,514.0,09:50:00,518.3,sell
443,518.3,11:48:00,2022-01-20,-429.99999999999545,100.0,514.0,13:21:00,514.0,buy
444,512.15,15:15:00,2022-01-20,185.00000000000227,100.0,514.0,13:22:00,518.3,sell
445,501.35,15:15:00,2022-01-21,109.99999999999659,100.0,502.45,09:30:00,507.45,sell
446,495.8,15:15:00,2022-01-24,534.9999999999966,100.0,501.15,09:31:00,506.8,sell
447,497.9,09:40:00,2022-01-25,1645.0000000000045,100.0,514.35,15:15:00,489.0,buy
448,513.7,10:30:00,2022-01-27,1564.9999999999977,100.0,529.35,15:15:00,503.2,buy
449,523.65,15:15:00,2022-01-28,585.0000000000023,100.0,529.5,10:01:00,536.25,sell
450,533.35,09:31:00,2022-01-31,560.0000000000023,100.0,538.95,15:15:00,528.3,buy
451,542.45,09:51:00,2022-02-01,-435.0000000000023,100.0,538.1,10:45:00,538.1,buy
452,531.65,15:15:00,2022-02-01,645.0000000000045,100.0,538.1,10:46:00,542.45,sell
453,539.3,14:34:00,2022-02-02,-414.9999999999977,100.0,535.15,09:34:00,539.3,sell
454,539.3,14:35:00,2022-02-02,55.00000000000682,100.0,539.85,15:15:00,535.15,buy
455,543.75,09:41:00,2022-02-03,-375.0,100.0,540.0,15:15:00,537.15,buy
456,545.95,09:34:00,2022-02-04,-695.0000000000045,100.0,539.0,10:37:00,539.0,buy
457,530.75,15:15:00,2022-02-04,825.0,100.0,539.0,10:45:00,545.95,sell
458,537.0,09:30:00,2022-02-07,-404.99999999999545,100.0,532.95,15:15:00,525.85,buy
459,531.9,15:15:00,2022-02-08,-514.9999999999977,100.0,526.75,09:46:00,537.55,sell
460,535.5,15:12:00,2022-02-09,-400.0,100.0,531.5,09:38:00,535.5,sell
461,538.45,10:07:00,2022-02-10,179.99999999999545,100.0,540.25,15:15:00,534.5,buy
462,530.7,15:15:00,2022-02-11,134.9999999999909,100.0,532.05,09:51:00,537.5,sell
463,502.0,15:15:00,2022-02-14,535.0000000000023,100.0,507.35,09:30:00,515.0,sell
464,507.95,12:00:00,2022-02-15,-689.9999999999977,100.0,501.05,09:43:00,507.95,sell
465,507.95,12:01:00,2022-02-15,1694.9999999999989,100.0,524.9,15:15:00,501.05,buy
466,517.55,15:15:00,2022-02-16,400.0,100.0,521.55,09:49:00,528.0,sell
467,512.7,15:15:00,2022-02-17,234.9999999999909,100.0,515.05,09:30:00,519.9,sell
468,515.9,11:14:00,2022-02-18,-79.99999999999545,100.0,515.1,15:15:00,510.6,buy
469,513.95,11:15:00,2022-02-21,-545.0000000000045,100.0,508.5,09:30:00,513.95,sell
470,513.95,11:30:00,2022-02-21,-265.0000000000034,100.0,511.3,15:15:00,508.5,buy
471,498.85,15:15:00,2022-02-22,150.0,100.0,500.35,09:31:00,505.3,sell
472,498.9,15:15:00,2022-02-23,270.00000000000455,100.0,501.6,10:06:00,505.3,sell
473,472.6,15:15:00,2022-02-24,879.9999999999955,100.0,481.4,09:36:00,487.4,sell
474,485.5,09:42:00,2022-02-25,-255.00000000000114,100.0,482.95,15:15:00,479.6,buy
475,478.3,09:45:00,2022-02-28,-444.99999999999886,100.0,473.85,09:30:00,478.3,sell
476,478.3,09:46:00,2022-02-28,389.9999999999977,100.0,482.2,15:15:00,473.85,buy
477,474.65,15:15:00,2022-03-02,165.0000000000034,100.0,476.3,09:54:00,479.75,sell
478,469.5,15:15:00,2022-03-03,700.0,100.0,476.5,09:30:00,483.3,sell
479,463.8,09:46:00,2022-03-04,-144.99999999999886,100.0,462.35,15:15:00,458.05,buy
480,440.65,15:15:00,2022-03-07,685.0000000000023,100.0,447.5,09:40:00,453.85,sell
481,439.9,14:59:00,2022-03-08,-564.9999999999977,100.0,434.25,09:30:00,439.9,sell
482,443.2,09:33:00,2022-03-09,-409.9999999999966,100.0,439.1,11:14:00,439.1,buy
483,443.2,12:26:00,2022-03-09,-409.9999999999966,100.0,439.1,11:18:00,443.2,sell
484,443.2,12:27:00,2022-03-09,850.0,100.0,451.7,15:15:00,439.1,buy
485,472.6,09:57:00,2022-03-10,-580.0000000000011,100.0,466.8,13:48:00,466.8,buy
486,469.45,15:15:00,2022-03-10,-264.9999999999977,100.0,466.8,13:50:00,472.6,sell
487,469.75,09:30:00,2022-03-11,44.99999999999886,100.0,470.2,15:15:00,462.2,buy
488,475.7,10:15:00,2022-03-14,930.0000000000011,100.0,485.0,15:15:00,471.15,buy
489,486.25,15:15:00,2022-03-15,-244.99999999999886,100.0,483.8,09:39:00,490.3,sell
490,492.65,15:15:00,2022-03-16,-100.0,100.0,491.65,10:07:00,494.1,sell
491,501.45,10:35:00,2022-03-17,-275.0,100.0,498.7,09:33:00,501.45,sell
492,501.45,10:36:00,2022-03-17,-5.000000000001137,100.0,501.4,15:15:00,498.7,buy
493,491.05,15:15:00,2022-03-21,650.0,100.0,497.55,09:30:00,502.0,sell
494,491.05,13:12:00,2022-03-22,-355.00000000000114,100.0,487.5,09:30:00,491.05,sell
495,491.05,13:13:00,2022-03-22,255.00000000000114,100.0,493.6,15:15:00,487.5,buy
496,490.55,15:15:00,2022-03-23,709.9999999999966,100.0,497.65,09:43:00,502.4,sell
497,487.3,09:30:00,2022-03-24,-19.999999999998863,100.0,487.1,15:15:00,484.35,buy
498,491.7,09:49:00,2022-03-25,-289.9999999999977,100.0,488.8,12:00:00,488.8,buy
499,489.2,15:15:00,2022-03-25,-39.999999999997726,100.0,488.8,12:05:00,491.7,sell
500,492.35,12:36:00,2022-03-28,-525.0,100.0,487.1,09:32:00,492.35,sell
501,492.35,12:37:00,2022-03-28,454.99999999999545,100.0,496.9,15:15:00,487.1,buy
502,494.15,15:15:00,2022-03-29,435.0000000000023,100.0,498.5,09:48:00,501.35,sell
503,499.6,10:24:00,2022-03-30,-230.00000000000114,100.0,497.3,09:40:00,499.6,sell
504,499.6,10:25:00,2022-03-30,-230.00000000000114,100.0,497.3,11:20:00,497.3,buy
505,494.55,15:15:00,2022-03-30,275.0,100.0,497.3,11:21:00,499.6,sell
506,495.75,09:35:00,2022-03-31,-260.0000000000023,100.0,493.15,10:32:00,493.15,buy
507,495.75,11:23:00,2022-03-31,-260.0000000000023,100.0,493.15,10:33:00,495.75,sell
508,495.75,11:24:00,2022-03-31,-260.0000000000023,100.0,493.15,14:39:00,493.15,buy
509,496.25,10:00:00,2022-04-01,1164.9999999999977,100.0,507.9,15:15:00,491.4,buy
510,513.7,09:32:00,2022-04-04,-85.00000000000227,100.0,512.85,15:15:00,506.0,buy
511,514.4,11:05:00,2022-04-05,-509.9999999999966,100.0,509.3,15:14:00,509.3,buy
512,509.85,09:31:00,2022-04-06,-320.00000000000455,100.0,506.65,10:01:00,506.65,buy
513,509.85,11:06:00,2022-04-06,-320.00000000000455,100.0,506.65,10:02:00,509.85,sell
514,509.85,11:07:00,2022-04-06,404.99999999999545,100.0,513.9,15:15:00,506.65,buy
515,513.2,09:39:00,2022-04-07,54.99999999999545,100.0,513.75,15:15:00,510.7,buy
516,515.9,15:15:00,2022-04-08,-89.99999999999773,100.0,515.0,09:53:00,518.8,sell
517,519.5,09:34:00,2022-04-11,-435.0000000000023,100.0,515.15,15:15:00,513.8,buy
518,513.0,14:04:00,2022-04-12,-280.00000000000114,100.0,510.2,09:30:00,513.0,sell
519,513.0,14:05:00,2022-04-12,-20.000000000004547,100.0,512.8,15:15:00,510.2,buy
520,516.6,09:59:00,2022-04-13,-230.00000000000682,100.0,514.3,12:05:00,514.3,buy
521,516.6,12:31:00,2022-04-13,-230.00000000000682,100.0,514.3,12:06:00,516.6,sell
522,516.6,12:32:00,2022-04-13,10.000000000002274,100.0,516.7,15:15:00,514.3,buy
523,509.35,15:15:00,2022-04-18,134.9999999999966,100.0,510.7,09:49:00,514.95,sell
524,515.5,10:28:00,2022-04-19,-335.0000000000023,100.0,512.15,15:07:00,512.15,buy
525,513.2,10:17:00,2022-04-20,-350.0000000000057,100.0,509.7,10:34:00,509.7,buy
526,509.35,15:15:00,2022-04-20,34.99999999999659,100.0,509.7,10:35:00,513.2,sell
527,514.5,09:43:00,2022-04-21,129.99999999999545,100.0,515.8,15:15:00,512.4,buy
528,500.95,15:15:00,2022-04-22,675.0,100.0,507.7,09:30:00,513.5,sell
529,494.85,09:34:00,2022-04-25,-35.000000000002274,100.0,494.5,15:15:00,490.45,buy
530,502.05,09:35:00,2022-04-26,330.00000000000114,100.0,505.35,15:15:00,499.25,buy
531,497.4,15:15:00,2022-04-27,275.0,100.0,500.15,09:39:00,502.8,sell
532,500.5,12:42:00,2022-04-28,-235.00000000000227,100.0,498.15,09:55:00,500.5,sell
533,500.5,12:43:00,2022-04-28,600.0,100.0,506.5,15:15:00,498.15,buy
534,511.3,09:30:00,2022-04-29,-294.99999999999886,100.0,508.35,09:43:00,508.35,buy
535,496.35,15:15:00,2022-04-29,1200.0,100.0,508.35,09:44:00,511.3,sell
536,490.9,15:15:00,2022-05-02,60.000000000002274,100.0,491.5,09:30:00,494.95,sell
537,494.8,09:47:00,2022-05-04,-380.00000000000114,100.0,491.0,10:23:00,491.0,buy
538,481.0,15:15:00,2022-05-04,1000.0,100.0,491.0,10:24:00,494.8,sell
539,489.6,09:30:00,2022-05-05,-585.0000000000023,100.0,483.75,13:59:00,483.75,buy
540,480.05,15:15:00,2022-05-05,369.99999999999886,100.0,483.75,14:00:00,489.6,sell
541,476.2,09:54:00,2022-05-06,-369.99999999999886,100.0,472.5,12:41:00,472.5,buy
542,476.2,13:25:00,2022-05-06,-369.99999999999886,100.0,472.5,12:42:00,476.2,sell
543,476.2,13:26:00,2022-05-06,780.0000000000011,100.0,484.0,15:15:00,472.5,buy
544,481.8,11:50:00,2022-05-09,-525.0,100.0,476.55,15:15:00,473.9,buy
545,475.05,15:15:00,2022-05-10,264.9999999999977,100.0,477.7,10:09:00,482.55,sell
546,476.2,15:15:00,2022-05-11,-184.9999999999966,100.0,474.35,09:37:00,476.8,sell
547,462.85,15:15:00,2022-05-12,294.99999999999886,100.0,465.8,09:30:00,473.0,sell
548,471.75,09:30:00,2022-05-13,-475.0,100.0,467.0,10:05:00,467.0,buy
549,471.75,13:22:00,2022-05-13,-475.0,100.0,467.0,10:06:00,471.75,sell
550,471.75,13:24:00,2022-05-13,-475.0,100.0,467.0,13:27:00,467.0,buy
551,453.4,09:38:00,2022-05-16,60.000000000002274,100.0,454.0,15:15:00,438.95,buy
552,460.4,11:25:00,2022-05-17,-379.99999999999545,100.0,456.6,10:05:00,460.4,sell
553,460.4,11:26:00,2022-05-17,675.0,100.0,467.15,15:15:00,456.6,buy
554,468.5,09:49:00,2022-05-18,-294.99999999999886,100.0,465.55,10:05:00,465.55,buy
555,457.75,15:15:00,2022-05-18,780.0000000000011,100.0,465.55,10:06:00,468.5,sell
556,449.7,10:06:00,2022-05-19,-280.00000000000114,100.0,446.9,15:15:00,444.45,buy
557,459.2,09:32:00,2022-05-20,365.0000000000034,100.0,462.85,15:15:00,454.35,buy
558,465.25,10:12:00,2022-05-23,-360.0000000000023,100.0,461.65,15:02:00,461.65,buy
559,465.35,10:08:00,2022-05-24,-440.0000000000034,100.0,460.95,14:27:00,460.95,buy
560,461.6,15:15:00,2022-05-24,-65.00000000000341,100.0,460.95,14:28:00,465.35,sell
561,454.85,15:15:00,2022-05-25,419.99999999999886,100.0,459.05,11:48:00,464.4,sell
562,458.7,13:03:00,2022-05-26,-384.9999999999966,100.0,454.85,09:49:00,458.7,sell
563,458.7,13:04:00,2022-05-26,1075.0,100.0,469.45,15:15:00,454.85,buy
564,473.35,09:33:00,2022-05-27,-325.0,100.0,470.1,10:32:00,470.1,buy
565,468.7,15:15:00,2022-05-27,140.0000000000034,100.0,470.1,10:33:00,473.35,sell
566,474.85,13:05:00,2022-05-30,-270.00000000000455,100.0,472.15,10:25:00,474.85,sell
567,474.85,13:06:00,2022-05-30,-65.00000000000341,100.0,474.2,15:15:00,472.15,buy
568,474.75,10:13:00,2022-05-31,-250.0,100.0,472.25,12:37:00,472.25,buy
569,467.0,15:15:00,2022-05-31,525.0,100.0,472.25,12:40:00,474.75,sell
570,470.5,09:49:00,2022-06-01,-330.00000000000114,100.0,467.2,13:24:00,467.2,buy
571,468.0,15:15:00,2022-06-01,-80.00000000000114,100.0,467.2,13:25:00,470.5,sell
572,469.7,09:30:00,2022-06-02,40.00000000000341,100.0,470.1,15:15:00,466.2,buy
573,464.3,15:15:00,2022-06-03,889.9999999999977,100.0,473.2,09:39:00,475.4,sell
574,463.7,15:15:00,2022-06-06,-439.9999999999977,100.0,459.3,09:30:00,465.5,sell
575,464.45,10:03:00,2022-06-07,-89.99999999999773,100.0,463.55,15:15:00,461.0,buy
576,467.0,10:12:00,2022-06-08,-269.99999999999886,100.0,464.3,09:36:00,467.0,sell
577,467.0,10:13:00,2022-06-08,414.9999999999977,100.0,471.15,15:15:00,464.3,buy
578,466.95,15:15:00,2022-06-09,105.00000000000114,100.0,468.0,09:30:00,470.9,sell
579,463.8,11:04:00,2022-06-10,-300.0,100.0,460.8,09:30:00,463.8,sell
580,463.8,12:01:00,2022-06-10,-300.0,100.0,460.8,12:37:00,460.8,buy
581,462.5,15:15:00,2022-06-10,-169.99999999999886,100.0,460.8,12:38:00,463.8,sell
582,445.75,15:15:00,2022-06-13,-139.99999999999773,100.0,444.35,09:30:00,454.0,sell
583,447.75,11:08:00,2022-06-14,-419.99999999999886,100.0,443.55,09:30:00,447.75,sell
584,447.75,11:09:00,2022-06-14,-5.000000000001137,100.0,447.7,15:15:00,443.55,buy
585,452.7,10:25:00,2022-06-15,-84.99999999999659,100.0,451.85,15:15:00,448.8,buy
586,441.3,15:15:00,2022-06-16,1384.9999999999966,100.0,455.15,09:42:00,457.75,sell
587,441.25,09:35:00,2022-06-17,-325.0,100.0,438.0,09:30:00,441.25,sell
588,441.25,09:36:00,2022-06-17,-164.99999999999773,100.0,439.6,15:15:00,438.0,buy
589,434.7,15:15:00,2022-06-20,394.99999999999886,100.0,438.65,09:30:00,443.45,sell
590,440.05,09:35:00,2022-06-21,1014.9999999999977,100.0,450.2,15:15:00,437.7,buy
591,448.5,10:54:00,2022-06-22,-310.0000000000023,100.0,445.4,10:02:00,448.5,sell
592,448.5,10:55:00,2022-06-22,-75.0,100.0,447.75,15:15:00,445.4,buy
593,450.3,09:30:00,2022-06-23,-305.00000000000114,100.0,447.25,13:09:00,447.25,buy
594,450.3,13:34:00,2022-06-23,-305.00000000000114,100.0,447.25,13:10:00,450.3,sell
595,450.3,13:35:00,2022-06-23,-305.00000000000114,100.0,447.25,14:26:00,447.25,buy
596,454.75,15:15:00,2022-06-24,60.000000000002274,100.0,455.35,09:48:00,460.25,sell
597,461.35,12:45:00,2022-06-27,-240.0000000000034,100.0,458.95,09:40:00,461.35,sell
598,461.35,12:46:00,2022-06-27,29.999999999995453,100.0,461.65,15:15:00,458.95,buy
599,460.85,09:34:00,2022-06-28,314.9999999999977,100.0,464.0,15:15:00,458.0,buy
600,460.95,09:43:00,2022-06-29,-264.9999999999977,100.0,458.3,15:09:00,458.3,buy
601,463.5,09:34:00,2022-06-30,239.99999999999773,100.0,465.9,15:15:00,458.6,buy
602,463.5,09:35:00,2022-07-01,280.00000000000114,100.0,466.3,15:15:00,460.65,buy
603,470.0,10:49:00,2022-07-04,405.00000000000114,100.0,474.05,15:15:00,467.05,buy
604,478.75,10:15:00,2022-07-05,-350.0,100.0,475.25,13:54:00,475.25,buy
605,471.75,15:15:00,2022-07-05,350.0,100.0,475.25,13:55:00,478.75,sell
606,477.4,09:48:00,2022-07-06,235.00000000000227,100.0,479.75,15:15:00,473.95,buy
607,484.2,10:24:00,2022-07-07,-184.9999999999966,100.0,482.35,09:31:00,484.2,sell
608,484.2,10:25:00,2022-07-07,215.0000000000034,100.0,486.35,15:15:00,482.35,buy
609,489.85,15:14:00,2022-07-08,-205.00000000000114,100.0,487.8,09:34:00,489.85,sell
610,490.0,09:56:00,2022-07-11,-200.0,100.0,488.0,15:15:00,485.25,buy
611,489.5,10:25:00,2022-07-12,-414.9999999999977,100.0,485.35,15:14:00,485.35,buy
612,486.25,15:15:00,2022-07-13,110.00000000000227,100.0,487.35,12:48:00,492.35,sell
613,479.4,15:15:00,2022-07-14,435.0000000000023,100.0,483.75,11:17:00,488.8,sell
614,479.15,15:15:00,2022-07-15,145.00000000000455,100.0,480.6,09:37:00,484.25,sell
615,484.55,10:58:00,2022-07-18,-155.00000000000114,100.0,483.0,09:37:00,484.55,sell
616,484.55,10:59:00,2022-07-18,539.9999999999977,100.0,489.95,15:15:00,483.0,buy
617,489.85,09:45:00,2022-07-19,794.9999999999989,100.0,497.8,15:15:00,488.0,buy
618,502.9,09:39:00,2022-07-20,565.0000000000034,100.0,508.55,15:15:00,500.6,buy
619,509.6,09:40:00,2022-07-21,254.99999999999545,100.0,512.15,15:15:00,506.75,buy
620,517.5,12:42:00,2022-07-22,-279.99999999999545,100.0,514.7,15:15:00,513.4,buy
621,515.7,09:42:00,2022-07-25,-300.0,100.0,512.7,10:07:00,512.7,buy
622,515.7,14:07:00,2022-07-25,-300.0,100.0,512.7,10:08:00,515.7,sell
623,515.7,14:08:00,2022-07-25,164.99999999999773,100.0,517.35,15:15:00,512.7,buy
624,519.95,09:31:00,2022-07-26,-295.00000000000455,100.0,517.0,09:48:00,517.0,buy
625,513.95,15:15:00,2022-07-26,304.99999999999545,100.0,517.0,09:49:00,519.95,sell
626,517.15,10:10:00,2022-07-27,-354.99999999999545,100.0,513.6,09:30:00,517.15,sell
627,517.15,10:11:00,2022-07-27,1130.0000000000068,100.0,528.45,15:15:00,513.6,buy
628,532.5,15:15:00,2022-07-28,-50.0,100.0,532.0,09:35:00,537.5,sell
629,529.2,15:15:00,2022-07-29,309.9999999999909,100.0,532.3,09:30:00,536.65,sell
630,530.35,09:47:00,2022-08-01,264.9999999999977,100.0,533.0,15:15:00,526.4,buy
631,535.55,09:31:00,2022-08-02,665.0000000000091,100.0,542.2,15:15:00,531.4,buy
632,543.0,09:53:00,2022-08-03,-450.0,100.0,538.5,13:41:00,538.5,buy
633,541.35,15:15:00,2022-08-03,-285.0000000000023,100.0,538.5,13:42:00,543.0,sell
634,532.7,15:15:00,2022-08-04,339.9999999999977,100.0,536.1,09:43:00,544.0,sell
635,539.95,09:37:00,2022-08-05,-640.0000000000091,100.0,533.55,14:28:00,533.55,buy
636,530.9,15:15:00,2022-08-05,264.9999999999977,100.0,533.55,14:29:00,539.95,sell
637,515.0,15:15:00,2022-08-10,339.9999999999977,100.0,518.4,09:40:00,523.4,sell
638,520.75,09:44:00,2022-08-11,404.99999999999545,100.0,524.8,15:15:00,517.2,buy
639,529.0,09:47:00,2022-08-12,154.99999999999545,100.0,530.55,15:15:00,525.5,buy
640,526.3,15:15:00,2022-08-16,460.0000000000023,100.0,530.9,09:56:00,533.85,sell
641,529.5,13:14:00,2022-08-17,-220.00000000000455,100.0,527.3,09:30:00,529.5,sell
642,529.5,13:15:00,2022-08-17,-220.00000000000455,100.0,527.3,13:42:00,527.3,buy
643,527.7,15:15:00,2022-08-17,-40.000000000009095,100.0,527.3,13:43:00,529.5,sell
644,531.5,09:35:00,2022-08-18,85.00000000000227,100.0,532.35,15:15:00,526.5,buy
645,520.55,15:15:00,2022-08-19,895.0000000000045,100.0,529.5,09:34:00,533.55,sell
646,512.5,15:15:00,2022-08-22,100.0,100.0,513.5,09:32:00,519.45,sell
647,513.8,09:30:00,2022-08-23,775.0,100.0,521.55,15:15:00,508.3,buy
648,519.75,15:15:00,2022-08-24,-70.00000000000455,100.0,519.05,09:32:00,523.0,sell
649,525.25,09:30:00,2022-08-25,-389.9999999999977,100.0,521.35,14:40:00,521.35,buy
650,520.0,15:15:00,2022-08-25,135.00000000000227,100.0,521.35,14:41:00,525.25,sell
651,525.9,09:54:00,2022-08-26,-254.99999999999545,100.0,523.35,09:40:00,525.9,sell
652,525.9,11:21:00,2022-08-26,-254.99999999999545,100.0,523.35,10:15:00,525.9,sell
653,525.9,11:22:00,2022-08-26,-254.99999999999545,100.0,523.35,15:01:00,523.35,buy
654,514.5,09:31:00,2022-08-29,-64.99999999999773,100.0,513.85,15:15:00,508.8,buy
655,521.95,09:32:00,2022-08-30,834.9999999999909,100.0,530.3,15:15:00,518.0,buy
656,532.5,09:31:00,2022-09-01,89.99999999999773,100.0,533.4,15:15:00,523.8,buy
657,537.2,15:15:00,2022-09-02,-440.0000000000091,100.0,532.8,09:30:00,537.8,sell
658,539.75,10:09:00,2022-09-05,-264.9999999999977,100.0,537.1,09:49:00,539.75,sell
659,539.75,10:10:00,2022-09-05,-89.99999999999773,100.0,538.85,15:15:00,537.1,buy
660,541.75,12:17:00,2022-09-06,-345.00000000000455,100.0,538.3,09:33:00,541.75,sell
661,541.75,12:18:00,2022-09-06,-345.00000000000455,100.0,538.3,14:40:00,538.3,buy
662,538.15,15:15:00,2022-09-06,14.999999999997726,100.0,538.3,14:41:00,541.75,sell
663,533.35,15:15:00,2022-09-07,104.99999999999545,100.0,534.4,09:31:00,536.9,sell
664,537.2,09:33:00,2022-09-08,719.9999999999932,100.0,544.4,15:15:00,535.5,buy
665,553.0,09:30:00,2022-09-09,114.99999999999773,100.0,554.15,15:15:00,548.55,buy
666,556.35,10:07:00,2022-09-12,-405.0000000000068,100.0,552.3,09:30:00,556.35,sell
667,556.35,10:18:00,2022-09-12,-135.00000000000227,100.0,555.0,15:15:00,552.3,buy
668,557.6,15:15:00,2022-09-13,-10.000000000002274,100.0,557.5,09:36:00,559.95,sell
669,562.5,09:36:00,2022-09-14,839.9999999999977,100.0,570.9,15:15:00,549.8,buy
670,571.65,15:15:00,2022-09-15,105.00000000000682,100.0,572.7,10:00:00,578.4,sell
671,562.8,15:15:00,2022-09-16,615.0000000000091,100.0,568.95,09:57:00,573.9,sell
672,566.25,09:33:00,2022-09-19,729.9999999999955,100.0,573.55,15:15:00,559.55,buy
673,573.3,15:15:00,2022-09-20,120.00000000000455,100.0,574.5,09:35:00,577.95,sell
674,569.95,15:15:00,2022-09-21,239.99999999999773,100.0,572.35,09:50:00,577.25,sell
675,569.65,13:33:00,2022-09-22,-504.99999999999545,100.0,564.6,10:31:00,569.65,sell
676,569.65,13:34:00,2022-09-22,-269.9999999999932,100.0,566.95,15:15:00,564.6,buy
677,550.15,15:15:00,2022-09-23,1345.0000000000045,100.0,563.6,09:30:00,568.0,sell
678,544.45,15:15:00,2022-09-26,-190.0000000000091,100.0,542.55,09:34:00,549.0,sell
679,550.45,09:30:00,2022-09-27,-415.0000000000091,100.0,546.3,09:46:00,546.3,buy
680,536.85,15:15:00,2022-09-27,944.9999999999932,100.0,546.3,09:48:00,550.45,sell
681,536.3,09:41:00,2022-09-28,-454.99999999999545,100.0,531.75,14:34:00,531.75,buy
682,526.3,15:15:00,2022-09-28,545.0000000000045,100.0,531.75,14:35:00,536.3,sell
683,522.65,15:15:00,2022-09-29,625.0,100.0,528.9,10:01:00,535.5,sell
684,525.95,10:18:00,2022-09-30,-495.00000000000455,100.0,521.0,09:33:00,525.95,sell
685,525.95,10:19:00,2022-09-30,344.9999999999932,100.0,529.4,15:15:00,521.0,buy
686,519.55,15:15:00,2022-10-03,805.0000000000068,100.0,527.6,09:30:00,531.6,sell
687,534.85,09:33:00,2022-10-04,-180.00000000000682,100.0,533.05,15:15:00,528.5,buy
688,539.25,11:32:00,2022-10-06,-175.0,100.0,537.5,15:15:00,534.7,buy
689,530.1,15:15:00,2022-10-07,114.99999999999773,100.0,531.25,09:31:00,535.55,sell
690,527.8,09:32:00,2022-10-10,-479.99999999999545,100.0,523.0,10:10:00,523.0,buy
691,527.8,11:30:00,2022-10-10,-479.99999999999545,100.0,523.0,10:11:00,527.8,sell
692,527.8,11:31:00,2022-10-10,320.00000000000455,100.0,531.0,15:15:00,523.0,buy
693,530.75,11:49:00,2022-10-11,-395.00000000000455,100.0,526.8,09:30:00,530.75,sell
694,530.75,11:50:00,2022-10-11,-395.00000000000455,100.0,526.8,15:15:00,526.8,buy
695,530.75,11:50:00,2022-10-11,-329.99999999999545,100.0,527.45,15:15:00,526.8,buy
696,530.1,09:52:00,2022-10-12,-389.9999999999977,100.0,526.2,09:31:00,530.1,sell
697,530.1,09:53:00,2022-10-12,339.9999999999977,100.0,533.5,15:15:00,526.2,buy
698,533.6,09:31:00,2022-10-13,-280.0000000000068,100.0,530.8,10:00:00,530.8,buy
699,521.85,15:15:00,2022-10-13,894.9999999999932,100.0,530.8,10:01:00,533.6,sell
700,527.1,15:15:00,2022-10-14,414.9999999999977,100.0,531.25,10:26:00,534.55,sell
701,529.45,09:36:00,2022-10-17,1400.0,100.0,543.45,15:15:00,525.0,buy
702,554.35,09:47:00,2022-10-18,779.9999999999955,100.0,562.15,15:15:00,547.35,buy
703,553.05,15:15:00,2022-10-19,395.00000000000455,100.0,557.0,09:44:00,562.9,sell
704,552.35,11:57:00,2022-10-20,-200.0,100.0,550.35,09:31:00,552.35,sell
705,552.35,11:58:00,2022-10-20,-200.0,100.0,550.35,12:11:00,550.35,buy
706,552.35,12:24:00,2022-10-20,-200.0,100.0,550.35,12:12:00,552.35,sell
707,561.35,09:30:00,2022-10-21,-85.00000000000227,100.0,560.5,15:15:00,557.85,buy
708,574.0,09:46:00,2022-10-25,404.99999999999545,100.0,578.05,15:15:00,568.1,buy
709,582.5,09:45:00,2022-10-27,-335.0000000000023,100.0,579.15,09:31:00,582.5,sell
710,582.5,11:15:00,2022-10-27,-335.0000000000023,100.0,579.15,10:04:00,582.5,sell
711,582.5,13:16:00,2022-10-27,-335.0000000000023,100.0,579.15,14:38:00,579.15,buy
712,571.45,15:15:00,2022-10-28,659.9999999999909,100.0,578.05,09:46:00,582.5,sell
713,574.05,15:15:00,2022-10-31,-304.99999999999545,100.0,571.0,09:50:00,577.3,sell
714,578.0,09:30:00,2022-11-01,-104.99999999999545,100.0,576.95,15:15:00,574.6,buy
715,574.3,15:15:00,2022-11-02,-75.0,100.0,573.55,12:51:00,578.95,sell
716,574.7,09:31:00,2022-11-03,939.9999999999977,100.0,584.1,15:15:00,568.65,buy
717,589.1,09:30:00,2022-11-04,-839.9999999999977,100.0,580.7,10:38:00,580.7,buy
718,589.1,13:53:00,2022-11-04,350.0,100.0,592.6,15:15:00,580.7,buy
719,614.15,15:15:00,2022-11-07,-114.99999999999773,100.0,613.0,10:50:00,622.55,sell
720,615.95,15:15:00,2022-11-09,-295.00000000000455,100.0,613.0,12:03:00,619.95,sell
721,605.8,15:15:00,2022-11-10,580.0000000000068,100.0,611.6,09:33:00,615.0,sell
722,601.5,15:15:00,2022-11-11,850.0,100.0,610.0,09:32:00,618.55,sell
